Title,URL,Meta Description
"Bringing Freedom to Africa through Bitcoin",https://bitcoiners.africa,"African Bitcoiners is a Bitcoin education and adoption platform dedicated to building a Bitcoin-friendly Africa. Learn, earn, save, and spend Bitcoin."
"About Us",https://bitcoiners.africa/about-us,"Learn about African Bitcoiners — our mission, team, and how we bring freedom to Africa through Bitcoin education, tools, and community building."
"African Bitcoiners Proof of Work",https://bitcoiners.africa/about-us/african-bitcoiners-proof-of-work,"Our mission, initiatives, and impact across Africa — documented openly in the African Bitcoiners Proof of Work report."
"Connect with Us",https://bitcoiners.africa/about-us/connect-with-us,"Get in touch with the African Bitcoiners team. Find us on social media or send us a message — we would love to hear from you."
"Our Team",https://bitcoiners.africa/about-us/our-team,"Meet the people behind African Bitcoiners — a bootstrapped team building Bitcoin education, tools, and community across Africa."
"Support Us",https://bitcoiners.africa/about-us/support-us,"We are a small bootstrapped team. Support our mission of bringing freedom to Africa through Bitcoin via Lightning or on-chain donation."
"Why We Are Private",https://bitcoiners.africa/about-us/why-we-are-private,"Why African Bitcoiners limits public exposure of team members and how we balance transparency with safety across the continent."
"Académie Bitcoin Afrique",https://bitcoiners.africa/academie-bitcoin-afrique,"Join Académie Bitcoin Afrique — structured Bitcoin education in French for African learners. Build your skills with African Bitcoiners."
"African Bitcoin Ecosystem",https://bitcoiners.africa/african-bitcoin-ecosystem,"Explore the African Bitcoin ecosystem map — projects, communities, and initiatives driving Bitcoin adoption across the continent."
"African Bitcoin Treasury Manifesto",https://bitcoiners.africa/african-bitcoin-treasury-manifesto,"Read the African Bitcoin Treasury Manifesto on sovereign Bitcoin reserves and financial independence for African nations."
"African Bitcoiners Community Builders",https://bitcoiners.africa/african-bitcoiners-community-builders,"Join us revolutionizing Bitcoin adoption across Africa through meetups and events driven by dedicated Community Builders."
"African Bitcoiners Turns 3",https://bitcoiners.africa/african-bitcoiners-turns-3,"Celebrating three years of African Bitcoiners — milestones, impact stories, and what is next for Bitcoin adoption in Africa."
"Bitcoin: Africa's Guide to Freedom Money",https://bitcoiners.africa/bitcoin-africas-guide-to-freedom-money,"Discover why Bitcoin is Africa's guide to freedom money — financial sovereignty, savings, and opportunity for millions across the continent."
"Bitcoin Education Partnership",https://bitcoiners.africa/bitcoin-education-partnership,"Partner with African Bitcoiners to bring Bitcoin education to your community, school, or organisation across Africa."
"Bitcoin Expert Pack",https://bitcoiners.africa/bitcoin-expert-pack,"Advanced insights, tools, and resources for seasoned Bitcoiners looking to lead, build, and contribute more to the African ecosystem."
"Bitcoin Intermediate Pack",https://bitcoiners.africa/bitcoin-intermediate-pack,"Level up your Bitcoin knowledge with key concepts, tools, and strategies to grow your confidence and navigate Bitcoin like a pro."
"Bitcoin Meetups",https://bitcoiners.africa/bitcoin-meetups,"Find and join Bitcoin meetups across Africa. Connect with local Bitcoiners, learn together, and grow your community."
"Bitcoin Mining in Africa",https://bitcoiners.africa/bitcoin-mining-in-africa,"The most comprehensive directory of Bitcoin mining operations across Africa, grouped by country and organisation."
"Bitcoin Newsletter",https://bitcoiners.africa/bitcoin-newsletter,"Stay updated with Bitcoin insights for Africa — news, education, and business use cases from the African Bitcoiners newsletter archive."
"Bitcoin Starter Pack",https://bitcoiners.africa/bitcoin-starter-pack,"New to Bitcoin? Start here with simple, practical resources to understand Bitcoin fundamentals and take your first steps."
"Btrust Partnership",https://bitcoiners.africa/btrust-partners-with-africa-freee-routing,"₿trust partners with African Bitcoiners to launch Lightning developer bootcamps across Africa, supporting local talent and open source."
"Community",https://bitcoiners.africa/community,"A Bitcoin community bringing freedom to Africa. We onboard new users and guide them from earning sats to self-custody."
"Community Outreach",https://bitcoiners.africa/community-outreach,"How African Bitcoiners brings Bitcoin education and outreach to communities across the continent through meetups and partnerships."
"Donation Confirmation",https://bitcoiners.africa/donation-confirmation,"Thank you for supporting African Bitcoiners. Share your feedback on the donation experience and help us improve."
"Earn Bitcoin",https://bitcoiners.africa/earn-bitcoin,"Discover how to earn Bitcoin in Africa with African Bitcoiners — jobs, bounties, and places to earn sats across the continent."
"1000 Sats Feedback Bounty",https://bitcoiners.africa/earn-bitcoin/1000-sats-feedback-bounty,"Found an error or have an idea? Share your feedback on African Bitcoiners and earn 1,000 sats if your suggestion is implemented."
"African Bitcoiner Jobs",https://bitcoiners.africa/earn-bitcoin/bitcoiner-jobs,"Find African Bitcoin jobs or hire Bitcoin talent. Browse open roles and opportunities to get paid in Bitcoin across Africa."
"Places to Earn Sats",https://bitcoiners.africa/earn-bitcoin/places-to-earn-sats,"Discover platforms and services where Africans can earn satoshis — from bounties and gigs to Lightning-powered rewards."
"FAQs",https://bitcoiners.africa/faqs,"Frequently asked questions about African Bitcoiners, our courses, community, donations, and how to get started with Bitcoin."
"Final Quiz",https://bitcoiners.africa/final-quiz,"Test your Bitcoin knowledge with the Bitcoin for Beginners final quiz. Score 70% or higher to earn your certificate."
"Final Quiz Failed",https://bitcoiners.africa/final-quiz-failed,"You did not meet the pass mark on the Bitcoin for Beginners final quiz. Share feedback and retake the quiz in a few days."
"Quiz Final",https://bitcoiners.africa/final-quiz-fr,"Testez vos connaissances Bitcoin avec le quiz final BFB. Obtenez au moins 70% pour recevoir votre certificat."
"Final Quiz Passed",https://bitcoiners.africa/final-quiz-passed,"Congratulations! You passed the Bitcoin for Beginners final quiz. Download your certificate and share your course feedback."
"Final Quiz Passed (Telegram)",https://bitcoiners.africa/final-quiz-passed-tg,"Congratulations! You passed the Bitcoin for Beginners final quiz via Telegram. Download your certificate and share feedback."
"Final Quiz (Telegram)",https://bitcoiners.africa/final-quiz-tg,"Take the Bitcoin for Beginners final quiz via Telegram. Score 70% or higher to earn your course certificate."
"Quiz Final (Telegram)",https://bitcoiners.africa/final-quiz-tg-fr,"Passez le quiz final du cours Bitcoin pour débutants via Telegram. Obtenez 70% ou plus pour recevoir votre certificat."
"Get Certificate",https://bitcoiners.africa/get-certificate,"Download your Bitcoin for Beginners course certificate. Enter the email address you used to sign up and take the course."
"Get Certificate (Telegram)",https://bitcoiners.africa/get-certificate-tg,"Download your Bitcoin for Beginners course certificate. Enter the unique ID provided when you signed up via Telegram."
"Graduate Program",https://bitcoiners.africa/graduate-program,"Young African Bitcoiner? Join a fast-growing team bringing freedom to Africa through Bitcoin and build a career in the ecosystem."
"African Bitcoiners Hall Of Fame",https://bitcoiners.africa/hall-of-fame,"Celebrate African Bitcoin pioneers in the Hall of Fame — builders, educators, and advocates shaping Bitcoin adoption across Africa."
"Bitcoin for Her",https://bitcoiners.africa/her,"Empower African women with Bitcoin at Bitcoin for Her — inclusion, innovation, and prosperity through education and community."
"Learn Bitcoin",https://bitcoiners.africa/learn-bitcoin,"Start your Bitcoin education with African Bitcoiners. Free courses, guides, and resources to understand Bitcoin in an African context."
"African Language Resources",https://bitcoiners.africa/learn-bitcoin/african-language-resources,"Bitcoin learning resources in African languages — making Bitcoin education accessible to more communities across the continent."
"Bitcoin for Kids",https://bitcoiners.africa/learn-bitcoin/bitcoin-for-kids,"Free and paid Bitcoin education resources for children and young learners across Africa. Start their Bitcoin journey early."
"Bitcoin Learning Resources",https://bitcoiners.africa/learn-bitcoin/bitcoin-learning-resources,"Curated Bitcoin learning resources for Africans — articles, videos, podcasts, and tools to deepen your Bitcoin knowledge."
"Bitcoin Whitepaper",https://bitcoiners.africa/learn-bitcoin/bitcoin-whitepaper,"Read the Bitcoin whitepaper — the original Satoshi Nakamoto publication that introduced the world to peer-to-peer digital cash."
"Free Bitcoin for Beginners Course",https://bitcoiners.africa/learn-bitcoin/free-bitcoin-course,"Join thousands of Africans learning Bitcoin for free. No experience needed. Available in English and French via email or Telegram."
"How To Keep Bitcoin In Your Head",https://bitcoiners.africa/learn-bitcoin/how-to-keep-bitcoin-in-your-head,"Learn how to memorise your Bitcoin seed phrase securely. A practical guide to keeping your Bitcoin backup in your head."
"Northern Nigeria Bitcoin Seminar",https://bitcoiners.africa/learn-bitcoin/northern-nigeria-bitcoin-seminar,"A comprehensive Bitcoin immersion in Northern Nigeria — community meetup and hands-on Lightning development bootcamp in Kaduna."
"Top 10 Bitcoin Misconceptions Explained",https://bitcoiners.africa/learn-bitcoin/top-10-bitcoin-misconceptions,"We dispel common Bitcoin myths and reveal Bitcoin's true role in Africa's financial landscape. Separate fact from fiction."
"Why Bitcoin ONLY",https://bitcoiners.africa/learn-bitcoin/why-bitcoin-only,"Discover why African Bitcoiners is focused on Bitcoin only — not crypto. Understand the difference and why it matters for Africa."
"Most Impactful African Bitcoiners Nominations",https://bitcoiners.africa/most-impactful-nominations,"Nominate the most impactful African Bitcoiners of the year. Celebrate advocates driving Bitcoin adoption across the continent."
"Organization Activity Update",https://bitcoiners.africa/organization-activity-update,"Update whether your Bitcoin-focused organisation is still active on African Bitcoiners. Keep the ecosystem directory accurate."
"Save Bitcoin",https://bitcoiners.africa/save-bitcoin,"Learn how to save Bitcoin with African Bitcoiners. Best practices and tools to store your Bitcoin securely and protect your wealth."
"5 Year Bitcoin Savings Calculator",https://bitcoiners.africa/save-bitcoin/5-year-bitcoin-savings-calculator,"See how Bitcoin savings could grow over five years. Use our calculator to explore long-term Bitcoin saving scenarios."
"Bitcoin Inflation Simulator",https://bitcoiners.africa/save-bitcoin/bitcoin-inflation-simulator,"Compare fiat inflation vs Bitcoin savings with our interactive simulator. See how purchasing power changes over time in Africa."
"Bitcoin to Fiat Converter",https://bitcoiners.africa/save-bitcoin/bitcoin-to-fiat-converter,"Convert Bitcoin to African fiat currencies instantly. A simple tool to understand BTC values in your local currency."
"Buying Bitcoin Peer to Peer",https://bitcoiners.africa/save-bitcoin/buying-bitcoin-peer-to-peer,"Discover trusted peer-to-peer platforms to buy Bitcoin privately in Africa. Compare fees, devices, and Lightning support."
"How To Set Up Your Bitcoin Cold Storage For Free",https://bitcoiners.africa/save-bitcoin/how-to-setup-your-bitcoin-cold-storage-for-free,"Set up Bitcoin cold storage for free using paper wallets and seed phrases. A step-by-step guide to keeping Bitcoin safe offline."
"The Million Sat Challenge",https://bitcoiners.africa/save-bitcoin/million-sat-challenge,"Join the Million Sat Challenge — earn satoshis while learning about Bitcoin savings and become part of our freedom community."
"Recommended Bitcoin and Lightning Wallets",https://bitcoiners.africa/save-bitcoin/recommended-bitcoin-and-lightning-wallets,"Explore the best Bitcoin and Lightning wallets we recommend for Africans — secure options for mobile, desktop, and self-custody."
"Spend Bitcoin",https://bitcoiners.africa/spend-bitcoin,"Find vendors and services that accept Bitcoin. Explore the Bitcoiners Map and places to spend sats online across Africa."
"Bitcoiners Map",https://bitcoiners.africa/spend-bitcoin/bitcoiners-map,"Discover where to spend Bitcoin in Africa on the Bitcoiners Map — merchants, services, and Bitcoin-friendly businesses near you."
"Places to Spend Sats Online",https://bitcoiners.africa/spend-bitcoin/places-to-spend-bitcoin,"A curated list of online stores and services where you can spend Bitcoin and Lightning sats from anywhere in Africa."
"Local African Bitcoin Communities",https://bitcoiners.africa/stale-pages-not-indexed/african-bitcoin-communities,"Discover vibrant Bitcoin communities across Africa — meetups, circular economies, and developer networks building the future."
"African Bitcoin Projects",https://bitcoiners.africa/stale-pages-not-indexed/african-bitcoin-projects,"Explore top African Bitcoin projects reshaping the ecosystem — from pioneering startups to tools built for the continent."
"Junior Copywriter and Community Manager",https://bitcoiners.africa/stale-pages-not-indexed/junior-copywriter-and-community-manager,"We are hiring a Junior Copywriter and Community Manager — full time, remote. Young African Bitcoiner living in Africa required."
"Junior PHP Coder",https://bitcoiners.africa/stale-pages-not-indexed/junior-php-coder,"We are hiring a Junior PHP Coder — full time, remote. Join African Bitcoiners and help build tools for Bitcoin adoption in Africa."
"The Great African Bitcoin Survey",https://bitcoiners.africa/stale-pages-not-indexed/the-great-african-bitcoin-survey,"Results and insights from the Great African Bitcoin Survey — understanding how Africans discover, use, and think about Bitcoin."
"Top 21 African Bitcoin Countries",https://bitcoiners.africa/stale-pages-not-indexed/top-21-african-bitcoin-countries,"Explore the top 21 African countries leading Bitcoin adoption — communities, regulation, and innovation ranked and explained."
"UX Designer",https://bitcoiners.africa/stale-pages-not-indexed/ux-designer,"We are hiring a UX Designer — full time, remote. Help African Bitcoiners design intuitive experiences for Bitcoin education in Africa."
"Start Here",https://bitcoiners.africa/start-here,"Take our 5-question Bitcoin knowledge quiz and find out where to start your Bitcoin journey with African Bitcoiners."
"Setting Up Nostr: A Step-by-Step Guide",https://bitcoiners.africa/step-by-step-guide-for-nostr,"Set up Nostr step by step with African Bitcoiners. A beginner-friendly guide to decentralised social and Bitcoin-powered zaps."
"The Most Impactful African Bitcoiners of 2022",https://bitcoiners.africa/the-most-impactful-african-bitcoiners-of-2022,"Discover 21 African Bitcoiners making waves in 2022 — passionate advocates using Bitcoin to bring freedom to Africans."
"The Most Impactful African Bitcoiners of 2023",https://bitcoiners.africa/the-most-impactful-african-bitcoiners-of-2023,"Meet the top 21 African Bitcoin trailblazers of 2023 revolutionising adoption and financial liberation across the continent."
"The Most Impactful African Bitcoiners of 2024",https://bitcoiners.africa/the-most-impactful-african-bitcoiners-of-2024,"Uncover the stories of the top 21 African Bitcoin trailblazers of 2024 driving adoption and empowerment across Africa."
"The Most Impactful African Bitcoiners of 2025",https://bitcoiners.africa/the-most-impactful-african-bitcoiners-of-2025,"The 2025 list of the most impactful Bitcoin advocates across the African continent — MIAB celebrates the builders and educators."
"Where to Buy Bitcoin Privately in Africa",https://bitcoiners.africa/where-to-buy-bitcoin-privately-in-africa,"Learn how to buy Bitcoin anonymously in Africa using safe, privacy-focused methods, trusted platforms, and practical tips."